{"bench": {"theta": 5.0, "sigma": 2.0, "beta": 0.96, "delta": 0.1, "alpha": 0.13247214, "alpm": 0.8100887, "f_E": 6.53868377, "f_1": 0.17557304, "f_0": 0.24578519, "ta": 1.1, "rhoL": 0.9157112, "rhoH": 0.9157112, "xiH": 1.71823402, "xiL": 1.07027152, "nd0": 0.02258301, "muE": 1.34291214, "lamD": 21.04284098, "rho": 0.65442341, "sde": 1.32}, "sunk": {"theta": 5.0, "gamma": 3.57264541, "sigma": 2.0, "beta": 0.96, "delta": 0.1, "alpha": 0.13247214, "alpm": 0.81008868, "f_E": 6.64246601, "f_1": 0.1013864, "f_0": 0.38548478, "f_T": 0.0, "ta": 1.1, "rhoL": 0.5, "rhoH": 0.5, "xiH": 1.4249125, "xiL": 1.4249125, "nd0": 0.02258301, "muE": 1.34291214, "lamD": 21.04284098, "rho": 0.65442341, "sde": 1.32}, "sunkhigh": {"theta": 5.0, "gamma": 3.59198828, "sigma": 2.0, "beta": 0.96, "delta": 0.1, "alpha": 0.13247214, "alpm": 0.81008313, "f_E": 6.54085979, "f_1": 0.10828525, "f_0": 1.19956675, "f_T": 0.0, "ta": 1.1, "rhoL": 0.5, "rhoH": 0.5, "xiH": 1.342, "xiL": 1.342, "nd0": 0.02258301, "muE": 1.34291214, "lamD": 21.04284098, "rho": 0.65442341, "sde": 1.32}, "nocost": {"theta": 5.0, "gamma": 3.79912371, "sigma": 2.0, "beta": 0.96, "delta": 0.1, "alpha": 0.13247214, "alpm": 0.8100887, "f_E": 7.08214843, "f_1": 0.0, "f_0": 0.0, "f_T": 0.0, "thA": 12.54751853, "ta": 1.1, "rhoL": 0.5, "rhoH": 0.5, "xiH": 1.11254415, "xiL": 1.11254415, "nd0": 0.02258301, "muE": 1.34291214, "lamD": 21.04284098, "rho": 0.65442341, "sde": 1.32}, "reentry": {"theta": 5.0, "gamma": 3.59333391, "sigma": 2.0, "beta": 0.96, "delta": 0.1, "alpha": 0.13247214, "alpm": 0.81008831, "f_E": 6.51315426, "f_R": 0.11489555, "f_1": 0.17234333, "f_0": 0.38404336, "f_T": 0.0, "ta": 1.1, "rhoL": 0.9157112, "rhoH": 0.9157112, "xiH": 1.70474034, "xiL": 1.06186645, "nd0": 0.02258301, "muE": 1.34291214, "lamD": 21.04284098, "rho": 0.65442341, "sde": 1.32}, "search": {"theta": 5.0, "gamma": 0.74667373, "sigma": 2.0, "beta": 0.96, "delta": 0.1, "alpha": 0.13247214, "alpm": 0.81008842, "f_E": 6.5150368, "f_R": 0.21842827, "f_1": 0.19171084, "f_0": 0.07280942, "f_T": 0.0, "ta": 1.1, "rhoL": 0.9157112, "rhoH": 0.9157112, "xiH": 1.67194052, "xiL": 1.04143575, "nd0": 0.02258301, "muE": 1.34291214, "lamD": 21.04284098, "rho": 0.65442341, "sde": 1.32}, "starter": {"theta": 5.0, "gamma": 0.74724484, "sigma": 2.0, "beta": 0.96, "delta": 0.1, "alpha": 0.13247214, "alpm": 0.80995837, "f_E": 6.49700178, "f_R": 0.17934774, "f_1": 0.20218237, "f_0": 0.17934774, "f_T": 0.0, "ta": 1.1, "rhoL": 0.9157112, "rhoH": 0.9157112, "xiH": 2.19764791, "xiL": 1.0, "nd0": 0.02258301, "muE": 1.34291214, "lamD": 21.04284098, "rho": 0.65442341, "sde": 1.32}, "sunkice": {"theta": 5.0, "gamma": 3.57264541, "sigma": 2.0, "beta": 0.96, "delta": 0.1, "alpha": 0.13247214, "alpm": 0.81008868, "f_E": 6.64246601, "f_1": 0.1013864, "f_0": 0.38548478, "f_T": 0.0, "ta": 1.1, "rhoL": 0.5, "rhoH": 0.5, "xiH": 1.4249125, "xiL": 1.4249125, "nd0": 0.02258301, "muE": 1.34291214, "lamD": 21.04284098, "rho": 0.65442341, "sde": 1.32}}